10.00612642 ,15.13358022 ,10.23991659 ,15.15628524 ,10.23991659 ,15.15628524 ,9.82730365 ,15.29777943 ,10.38168496 ,15.17391460 ,10.38168496 ,15.17391460 
10.09254407 ,15.16876206 ,10.52345334 ,15.19154395 ,10.52345334 ,15.19154395 ,10.11032048 ,15.33699349 ,10.59110638 ,15.16656652 ,10.59110638 ,15.16656652 
10.31858756 ,15.16240717 ,10.86818084 ,15.13424103 ,10.86818084 ,15.13424103 ,10.45581445 ,15.28450930 ,10.76411965 ,15.13355847 ,10.76411965 ,15.13355847 
10.63305961 ,15.12545903 ,11.21550643 ,15.05951174 ,11.21550643 ,15.05951174 ,10.80414957 ,15.21463672 ,11.02374563 ,15.09856614 ,11.02374563 ,15.09856614 
10.95440205 ,15.08933596 ,11.52425004 ,15.03462783 ,11.52425004 ,15.03462783 ,11.11321051 ,15.19406597 ,11.28580576 ,15.07720912 ,11.28580576 ,15.07720912 
11.23884677 ,15.10990840 ,11.83110772 ,15.04208406 ,11.83110772 ,15.04208406 ,11.41993418 ,15.20580588 ,11.57171191 ,15.06477531 ,11.49229594 ,15.12754326 
11.58616271 ,15.08675637 ,12.14618852 ,15.04124192 ,12.14618852 ,15.04124192 ,11.73499603 ,15.20936304 ,11.86782603 ,15.04339872 ,11.68938884 ,15.18631217 
11.90178251 ,15.07091219 ,12.46759794 ,14.99036853 ,12.46759794 ,14.99036853 ,12.05708442 ,15.16298218 ,12.12087911 ,15.10018021 ,11.87060335 ,15.25237033 
12.25163387 ,15.08105912 ,12.78601399 ,14.92511249 ,12.57638054 ,15.30217828 ,12.37638054 ,15.10217828 ,12.36434139 ,15.17263736 ,12.04424249 ,15.32125647 
12.54150559 ,15.11136104 ,13.10108131 ,14.86332139 ,12.89227990 ,15.24479223 ,12.69227990 ,15.04479223 ,12.48635060 ,15.31779632 ,12.31025904 ,15.40336578 
12.88428562 ,15.10030696 ,13.41652967 ,14.82776457 ,12.56790201 ,15.75357546 ,13.00819396 ,15.01364322 ,12.57359212 ,15.49905451 ,12.59510010 ,15.50181938 
13.19965195 ,15.10602846 ,13.72384583 ,14.80921424 ,12.87577449 ,15.75220891 ,13.31573917 ,14.99938551 ,12.66925557 ,15.67471582 ,13.06736138 ,15.58229603 
13.53694149 ,15.13911349 ,14.02959110 ,14.80777054 ,12.74130505 ,16.12980353 ,13.62147479 ,15.00221082 ,12.75886828 ,15.86509072 ,13.59193358 ,15.66566373 
13.86116007 ,15.16403214 ,14.34077726 ,14.80871996 ,13.05132038 ,16.15678900 ,13.93261736 ,15.00750498 ,13.45825467 ,15.67690252 ,14.09696699 ,15.61396754 
14.19158041 ,15.13901832 ,14.65357444 ,14.81101453 ,15.35357444 ,15.01101453 ,14.24535201 ,15.01416666 ,14.30830799 ,15.39940852 ,14.60929547 ,15.53736326 
14.49827998 ,15.13370151 ,14.96253459 ,14.84462633 ,15.66253459 ,15.04462633 ,14.55381275 ,15.05208894 ,14.82073498 ,15.35826094 ,15.01501564 ,15.53401103 
14.83117203 ,15.15167637 ,15.26337325 ,14.90044884 ,15.85384269 ,15.31210638 ,14.85384269 ,15.11210638 ,15.28330500 ,15.36544752 ,15.39262332 ,15.55315356 
15.12983829 ,15.19298431 ,15.56095168 ,14.97620924 ,16.15033432 ,15.39201424 ,15.15033432 ,15.19201424 ,15.69953912 ,15.40132357 ,15.73464387 ,15.60556816 
15.45177120 ,15.19480529 ,15.85573302 ,15.06965991 ,16.54378216 ,15.48957159 ,15.44378216 ,15.28957159 ,16.08606708 ,15.47655366 ,16.05452260 ,15.69185677 
15.75633050 ,15.25231025 ,16.13180434 ,15.22612098 ,16.81764202 ,15.64987196 ,15.71764202 ,15.44987196 ,16.41709138 ,15.59245107 ,16.34781992 ,15.81825823 
16.06418570 ,15.29614053 ,16.38193879 ,15.41483010 ,17.06511730 ,15.84205511 ,15.96511730 ,15.64205511 ,16.72009082 ,15.73726180 ,16.62196790 ,15.97187321 
16.35781766 ,15.40040184 ,16.63162056 ,15.60729503 ,17.31208751 ,16.03798737 ,16.21208751 ,15.83798737 ,17.00359578 ,15.89619077 ,16.88616181 ,16.13908288 
16.63183047 ,15.48684031 ,16.88712209 ,15.78282024 ,17.56511341 ,16.21706283 ,16.46511341 ,16.01706283 ,17.27901529 ,16.05939646 ,17.14705374 ,16.31012189 
16.91621350 ,15.59153629 ,17.15161795 ,15.94915109 ,17.82726115 ,16.38707041 ,16.72726115 ,16.18707041 ,17.55114567 ,16.22462963 ,17.40830789 ,16.48304736 
17.20785301 ,15.71316130 ,17.42139788 ,16.11419095 ,18.09471047 ,16.55586090 ,16.99471047 ,16.35586090 ,17.82524626 ,16.38406478 ,17.67384497 ,16.65016498 
17.49738182 ,15.87898380 ,17.70473544 ,16.25075948 ,18.37611362 ,16.69637213 ,17.27611362 ,16.49637213 ,18.10538649 ,16.52611502 ,17.94736933 ,16.80004423 
17.77607715 ,16.01439068 ,17.99907208 ,16.34968094 ,18.66904041 ,16.79939353 ,17.56904041 ,16.59939353 ,18.39445781 ,16.63945129 ,18.23152708 ,16.92144608 
18.07339681 ,16.13466424 ,18.30884151 ,16.39419850 ,18.97815809 ,16.84823181 ,17.87815809 ,16.64823181 ,18.68942709 ,16.72483836 ,18.52295304 ,17.01506110 
18.36924236 ,16.26942965 ,18.61088114 ,16.42730812 ,19.27970598 ,16.88555533 ,18.17970598 ,16.68555533 ,19.00009986 ,16.79110262 ,18.83098435 ,17.08998993 
18.73288338 ,16.46504364 ,18.96835395 ,16.45132952 ,19.63680856 ,16.91456549 ,18.53680856 ,16.71456549 ,19.32880986 ,16.84163969 ,19.15772653 ,17.14969570 
19.11535157 ,16.56909894 ,19.32071499 ,16.46789821 ,19.98890392 ,16.93605230 ,18.88890392 ,16.73605230 ,19.65298518 ,16.88404822 ,19.48031667 ,17.20114575 
19.41399832 ,16.67841866 ,19.62634606 ,16.49497954 ,20.29412708 ,16.96739826 ,19.19412708 ,16.76739826 ,19.96985482 ,16.91571985 ,19.79600263 ,17.24165676 
19.73692473 ,16.76663185 ,19.93571940 ,16.49305479 ,20.60349714 ,16.96979323 ,19.50349714 ,16.76979323 ,20.28324654 ,16.92337785 ,20.10894572 ,17.25806487 
20.07385813 ,16.82733509 ,20.23820167 ,16.44298348 ,20.90664903 ,16.92395011 ,19.80664903 ,16.72395011 ,20.58617118 ,16.89237925 ,20.41254567 ,17.23553823 
20.36899035 ,16.81053482 ,20.51481954 ,16.32162853 ,21.18493432 ,16.80646918 ,20.08493432 ,16.60646918 ,20.87564619 ,16.81887625 ,20.70391396 ,17.17014761 
20.70599272 ,16.78614196 ,20.77595339 ,16.16477678 ,21.44823271 ,16.65327871 ,20.34823271 ,16.45327871 ,21.16251963 ,16.70731541 ,20.99376095 ,17.06664095 
21.08329463 ,16.69075767 ,21.06508811 ,15.97216977 ,21.74002846 ,16.46472742 ,20.64002846 ,16.26472742 ,21.44494464 ,16.57798491 ,21.27966802 ,16.94524710 
21.37649664 ,16.58967194 ,21.32461198 ,15.82482504 ,22.00158428 ,16.32102057 ,20.90158428 ,16.12102057 ,21.71794607 ,16.43969987 ,21.55641203 ,16.81463891 
21.67164172 ,16.45451356 ,21.58338477 ,15.65265325 ,22.26273574 ,16.15247860 ,21.16273574 ,15.95247860 ,21.98196716 ,16.28568268 ,21.82462283 ,16.66805386 
21.95283972 ,16.32446252 ,21.82035593 ,15.46941549 ,22.50224220 ,15.97256734 ,21.40224220 ,15.77256734 ,22.24491582 ,16.11110010 ,22.09233862 ,16.50088142 
22.29671899 ,16.13610003 ,22.09243765 ,15.23947738 ,22.77750784 ,15.74645049 ,21.67750784 ,15.54645049 ,22.51444216 ,15.91728633 ,22.36716829 ,16.31466891 
22.58382313 ,15.93458793 ,22.36520153 ,15.01510870 ,23.05337780 ,15.52591206 ,21.95337780 ,15.32591206 ,22.78179857 ,15.71141826 ,22.64016660 ,16.11634618 
22.88583277 ,15.68033707 ,22.62298212 ,14.77694879 ,23.31445850 ,15.29137455 ,22.21445850 ,15.09137455 ,23.04231206 ,15.48947630 ,22.90677419 ,15.90176474 
23.17044575 ,15.44021672 ,22.86350874 ,14.52001697 ,23.55854900 ,15.03782605 ,22.45854900 ,14.83782605 ,23.29680412 ,15.27880558 ,23.26774651 ,15.67329176 
23.48793592 ,15.19886129 ,23.10584394 ,14.25528329 ,23.80455683 ,14.87650170 ,22.70455683 ,14.57650170 ,23.53293796 ,15.05700584 ,23.63585331 ,15.42693394 
23.74099088 ,14.91104919 ,23.28525347 ,13.95948759 ,23.98807883 ,14.58323978 ,22.88807883 ,14.28323978 ,23.72491290 ,14.79392031 ,23.89174149 ,15.15525423 
23.93020707 ,14.61053814 ,23.37443602 ,13.63160070 ,24.08183070 ,14.25663004 ,22.98183070 ,13.95663004 ,23.87297796 ,14.50508804 ,24.09344208 ,14.85934509 
24.10315533 ,14.28451312 ,23.44002807 ,13.28681721 ,24.15223029 ,13.91279596 ,23.05223029 ,13.61279596 ,23.98799559 ,14.20404410 ,24.24238822 ,14.55528483 
24.22644437 ,14.01975165 ,23.48534787 ,12.97773046 ,24.20186120 ,13.60437210 ,23.10186120 ,13.30437210 ,24.07118051 ,13.89946578 ,24.35184411 ,14.24873069 
24.29648742 ,13.72110991 ,23.50090393 ,12.65746881 ,24.22188729 ,13.28435887 ,23.12188729 ,12.98435887 ,24.12126215 ,13.58882166 ,24.38986624 ,13.91607442 
24.36414175 ,13.41270277 ,23.47857839 ,12.34080868 ,24.20398520 ,12.96741789 ,23.10398520 ,12.66741789 ,24.15048591 ,13.27695195 ,24.39385193 ,13.57727721 
24.42895861 ,13.07331160 ,23.47570634 ,12.02550262 ,24.20551579 ,12.65210247 ,23.10551579 ,12.35210247 ,24.17562040 ,12.96294004 ,24.41076760 ,13.25107130 
24.44609775 ,12.76890082 ,23.49096336 ,11.70704019 ,24.22521775 ,12.33388410 ,23.12521775 ,12.03388410 ,24.19390971 ,12.64857727 ,24.42179487 ,12.92696481 
24.42843373 ,12.42478297 ,23.48568541 ,11.39373223 ,24.22431478 ,12.02053299 ,23.12431478 ,11.72053299 ,24.19928165 ,12.33543877 ,24.42438612 ,12.60830740 
24.43644551 ,12.12347286 ,23.46031455 ,11.08322797 ,24.20328170 ,11.70970477 ,23.10328170 ,11.40970477 ,24.19263487 ,12.02415497 ,24.41630693 ,12.29312400 
24.43957680 ,11.79208315 ,23.42681844 ,10.77686008 ,24.17406643 ,11.40289906 ,23.07406643 ,11.10289906 ,24.18679582 ,11.71217650 ,24.41050292 ,11.97875617 
24.41647190 ,11.46951730 ,23.42953002 ,10.46010550 ,24.18120033 ,11.08621322 ,24.21245849 ,10.40183639 ,24.19114263 ,11.39821403 ,24.41560427 ,11.66327745 
24.38707419 ,11.17258536 ,23.44785630 ,10.14391703 ,24.20393950 ,10.77031144 ,24.22194912 ,10.08525949 ,24.20454238 ,11.08213797 ,24.43031523 ,11.34632503 
24.36447645 ,10.88472152 ,23.47570294 ,9.82103522 ,24.23629156 ,10.44784990 ,24.24076951 ,9.76172605 ,24.22044904 ,10.76400836 ,24.44785938 ,11.02768126 
24.35336155 ,10.54056611 ,23.48476149 ,9.50085918 ,24.24981958 ,10.12783155 ,24.24088469 ,9.44142191 ,24.24116379 ,10.44561850 ,24.47042685 ,10.70904112 
24.34995577 ,10.23034265 ,23.52032357 ,9.18099604 ,24.28984418 ,9.80849611 ,24.34621762 ,9.45170611 ,24.27632152 ,10.12958443 ,24.50755189 ,10.39300130 
24.31192342 ,9.90943130 ,23.57999795 ,8.87185136 ,24.35382907 ,9.50021475 ,24.40156985 ,9.14175838 ,24.32393350 ,9.81952483 ,24.55717539 ,10.08311626 
24.29036021 ,9.61841169 ,23.64642739 ,8.57336165 ,24.42441961 ,9.20268164 ,24.46382525 ,8.84237027 ,24.37378035 ,9.50118112 ,24.60914595 ,9.76502223 
24.26035681 ,9.22514544 ,23.68756681 ,8.22300505 ,24.47044676 ,8.85293358 ,24.50006892 ,8.49147342 ,24.42224276 ,9.17343715 ,24.65983288 ,9.43755671 
24.27054712 ,8.87336342 ,23.73327861 ,7.88950980 ,24.52081043 ,8.52010908 ,24.64111995 ,8.35737245 ,24.52100997 ,8.86995044 ,24.76067644 ,9.13472343 
24.31216953 ,8.46788103 ,23.97636892 ,7.65105780 ,24.76720635 ,8.28507440 ,24.88085725 ,8.11554962 ,24.69790379 ,8.62086767 ,24.93927928 ,8.88685383 
24.56199597 ,7.93701929 ,24.28847206 ,7.51662134 ,25.08115609 ,8.15500868 ,25.19105294 ,7.97676862 ,24.88881360 ,8.50266457 ,25.13099325 ,8.76996858 
24.91261623 ,7.88057790 ,24.46541314 ,7.72399391 ,25.25518456 ,8.36483152 ,25.37087215 ,8.18165050 ,25.05236498 ,8.54275735 ,25.29425026 ,8.81119076 
25.05462641 ,8.07406093 ,24.58221327 ,8.04022808 ,25.36755798 ,8.68266564 ,25.49207621 ,8.49622305 ,25.19267272 ,8.68577155 ,25.43354944 ,8.95517369 
25.10599267 ,8.30139706 ,24.68124050 ,8.37121071 ,25.46195432 ,9.01499865 ,25.59571503 ,8.82579079 ,25.27348447 ,8.97371433 ,25.54498675 ,9.15819407 
25.21050885 ,8.51704617 ,24.73850322 ,8.66396818 ,25.38694586 ,9.65132978 ,25.65705969 ,9.11772021 ,25.31636437 ,9.31768010 ,25.62734119 ,9.39551553 
25.29181911 ,8.77167212 ,24.77251780 ,8.97171339 ,25.41235443 ,9.95990474 ,25.69536775 ,9.42496050 ,25.35600279 ,9.63089585 ,25.68558818 ,9.66077497 
25.35835602 ,9.09031008 ,24.79068971 ,9.28370713 ,25.42180788 ,10.27228423 ,25.01789401 ,9.73667011 ,25.38169132 ,9.95109143 ,25.72688575 ,9.94228128 
25.39915635 ,9.35920715 ,24.81015768 ,9.59450604 ,25.43259025 ,10.58350554 ,25.04169951 ,10.04716691 ,25.40811245 ,10.26697674 ,25.80699915 ,10.26484121 
25.44460548 ,9.69454015 ,24.84862582 ,9.91246450 ,25.46216547 ,10.90241413 ,25.08460330 ,10.36455727 ,25.43523564 ,10.58442669 ,25.89494289 ,10.60273012 
25.47460350 ,10.02469321 ,24.88421324 ,10.22640356 ,25.48897331 ,11.21722445 ,25.12457052 ,10.67796886 ,25.45509892 ,10.90319723 ,25.94119370 ,10.92835386 
25.50591536 ,10.36407850 ,24.89244317 ,10.55323779 ,25.48807428 ,11.54416105 ,25.13736296 ,11.00465633 ,25.45813089 ,11.22492034 ,25.96375734 ,11.25676248 
25.52160772 ,10.66178527 ,24.86753608 ,10.87779514 ,25.45411474 ,11.86789641 ,25.11698983 ,11.32952979 ,25.45271857 ,11.54477544 ,25.96759570 ,11.57983119 
25.57232200 ,11.03519197 ,24.86575585 ,11.19315916 ,25.44352972 ,12.18308776 ,25.11961294 ,11.64488792 ,25.44546418 ,11.85939972 ,25.96538416 ,11.89682225 
25.59725384 ,11.33429928 ,24.85813464 ,11.49521730 ,25.42747752 ,12.48481534 ,25.11620986 ,11.94702303 ,25.43568673 ,12.17062498 ,25.95705004 ,12.20933542 
25.61216081 ,11.69270655 ,24.85636707 ,11.80408114 ,25.41708665 ,12.79350941 ,25.11875488 ,12.25588145 ,25.42752906 ,12.48362823 ,25.94832864 ,12.52318264 
25.62586599 ,11.99360502 ,24.86002540 ,12.12157218 ,25.41187869 ,13.11097881 ,25.12684572 ,12.57329046 ,25.43215661 ,12.80120303 ,25.95092006 ,12.84140189 
25.66813334 ,12.32921110 ,24.91083752 ,12.44888235 ,25.45353196 ,13.43958012 ,25.18222285 ,12.89985928 ,25.46186947 ,13.11946317 ,25.97773743 ,13.16044565 
25.69991290 ,12.62072085 ,25.00029783 ,12.76036708 ,25.53426023 ,13.75344129 ,25.27602345 ,13.21006458 ,25.51404085 ,13.43192060 ,26.02652848 ,13.47385369 
25.72552793 ,12.96711922 ,25.10225840 ,13.05776973 ,25.62787707 ,14.05357490 ,25.71749659 ,14.20697917 ,25.58255128 ,13.73627917 ,26.09141732 ,13.77930226 
25.75347839 ,13.26027734 ,25.20876252 ,13.34148970 ,25.72641775 ,14.34015801 ,25.82002899 ,14.49215851 ,25.68801252 ,14.03392645 ,26.19311795 ,14.07849693 
25.83612740 ,13.64127977 ,25.41932481 ,13.62291018 ,25.92904022 ,14.62734802 ,26.02664150 ,14.77649147 ,25.83871283 ,14.31533729 ,26.34013447 ,14.36205120 
25.93745255 ,13.97645843 ,25.65204567 ,13.85294941 ,26.15524727 ,14.86379550 ,26.25612783 ,15.00975757 ,26.01595725 ,14.57631607 ,26.51388417 ,14.62552194 
26.09024789 ,14.31436272 ,25.88494400 ,14.07494258 ,26.38185639 ,15.09220503 ,26.48590395 ,15.23498087 ,26.21815007 ,14.80640074 ,26.71295139 ,14.85843460 
26.29277381 ,14.52395605 ,26.14323772 ,14.21732568 ,26.63607383 ,15.24174460 ,26.74218452 ,15.38095643 ,26.45098101 ,14.99290714 ,26.94322384 ,15.04819115 
26.58606035 ,14.68146271 ,26.44373427 ,14.31439573 ,26.93374287 ,15.34716716 ,27.04129647 ,15.48221261 ,26.71242869 ,15.13363200 ,27.20272492 ,15.19256389 
26.87569296 ,14.82189301 ,26.75785172 ,14.34652338 ,27.24684079 ,15.38805295 ,27.35493473 ,15.51872289 ,26.99331147 ,15.22919254 ,27.48227407 ,15.29204403 
27.17765454 ,14.92825695 ,27.07427744 ,14.35181544 ,27.56299538 ,15.40217807 ,27.67125572 ,15.52843242 ,27.28480895 ,15.29992824 ,27.77277344 ,15.36684738 
27.49116877 ,14.99713482 ,27.38257077 ,14.37574899 ,27.87050025 ,15.43471035 ,27.97918483 ,15.55666809 ,27.58321882 ,15.35722165 ,28.07036576 ,15.42830460 
27.81859014 ,15.02168499 ,27.69705010 ,14.39732174 ,28.18425462 ,15.46505547 ,28.29333230 ,15.58262956 ,27.88775396 ,15.40211869 ,28.37425171 ,15.47745112 
28.14467851 ,15.08012524 ,28.01199865 ,14.40974661 ,28.49873346 ,15.48626937 ,28.60807667 ,15.59945058 ,28.19277497 ,15.44123471 ,28.57870155 ,15.52082330 
28.47760797 ,15.14721494 ,28.31546391 ,14.43434270 ,28.80139364 ,15.51932912 ,28.91116894 ,15.62828131 ,28.49503262 ,15.47830933 ,28.75541511 ,15.56211526 
28.79895617 ,15.15981400 ,28.61303435 ,14.45726868 ,29.09820793 ,15.55055481 ,29.20839028 ,15.65535979 ,28.81078622 ,15.51016070 ,28.91444514 ,15.59837263 
29.18484764 ,15.17387688 ,28.97237397 ,14.46722836 ,29.45712935 ,15.57054396 ,29.56755581 ,15.67033566 ,29.13200471 ,15.53597864 ,29.06496059 ,15.62867328 
29.51786528 ,15.17440133 ,29.28059607 ,14.47298115 ,29.76507066 ,15.58490057 ,29.87566755 ,15.68039134 ,29.44526668 ,15.56755325 ,29.29611134 ,15.66461883 
29.82339884 ,15.20074775 ,29.59012579 ,14.51862886 ,30.07320513 ,15.63917306 ,30.18452975 ,15.73035631 ,29.76308743 ,15.59946027 ,29.55046784 ,15.70096034 
30.12867172 ,15.18482750 ,29.91911140 ,14.52540874 ,30.40187318 ,15.65513612 ,30.51338863 ,15.74172889 ,30.10823033 ,15.58729853 ,29.83424338 ,15.71826732 
30.47964881 ,15.16374019 ,30.23902280 ,14.48837020 ,30.82269402 ,15.52704447 ,30.83378599 ,15.70916062 ,30.45680917 ,15.54297323 ,30.12693768 ,15.70962395 
30.79719612 ,15.14429090 ,30.54750728 ,14.41077172 ,31.13322491 ,15.45808964 ,31.14332384 ,15.63587683 ,30.90618604 ,15.48959170 ,30.42253501 ,15.67464145 
31.13444644 ,15.15429641 ,30.83818832 ,14.31453365 ,31.92647974 ,15.37000538 ,31.43532024 ,15.54370668 ,31.37644093 ,15.41595456 ,30.71604676 ,15.61656456 
31.44893519 ,15.15226400 ,31.12484769 ,14.19772666 ,32.21628879 ,15.26124793 ,31.72358255 ,15.43091346 ,31.75467433 ,15.33116402 ,31.01237552 ,15.54233996 
31.78481520 ,15.14522261 ,31.42533541 ,14.08590692 ,32.51978154 ,15.15786190 ,32.02560223 ,15.32330009 ,32.11865974 ,15.24172600 ,31.31237994 ,15.46155869 
32.11169299 ,15.13292798 ,31.72649874 ,13.98151885 ,32.82374214 ,15.06192351 ,32.32819368 ,15.22312709 ,32.48269704 ,15.15601607 ,31.61551942 ,15.38280149 
32.44873688 ,15.14190634 ,32.03431856 ,13.90021958 ,33.23371195 ,14.98925076 ,32.63711861 ,15.14613357 ,32.84300128 ,15.07119640 ,31.92016192 ,15.30402858 
32.77046760 ,15.12854396 ,32.33487111 ,13.80033074 ,33.53693638 ,14.89779279 ,32.93903653 ,15.05045084 ,33.17899939 ,14.99395661 ,32.22748823 ,15.23220494 
33.11630948 ,15.08786169 ,32.64986271 ,13.74454229 ,33.85336287 ,14.85082117 ,33.25477635 ,14.99906580 ,33.51045521 ,14.93741930 ,32.53806904 ,15.18073229 
33.43078587 ,15.07849668 ,32.96235711 ,13.71868868 ,34.16645731 ,14.83370300 ,33.56760126 ,14.97757781 ,33.83199753 ,14.89611463 ,32.84731932 ,15.14420826 
33.77974350 ,15.07861145 ,33.26745891 ,13.69583747 ,34.47207820 ,14.81937964 ,34.16745891 ,14.89583747 ,34.14954193 ,14.86369798 ,33.15666800 ,15.11640800 
34.08043417 ,15.05549834 ,33.57840735 ,13.66964380 ,34.78363678 ,14.80187837 ,34.47840735 ,14.86964380 ,34.46472241 ,14.83215216 ,33.46689452 ,15.08938255 
34.41027970 ,15.02922579 ,33.88738692 ,13.62603887 ,35.09371341 ,14.76691766 ,34.78738692 ,14.82603887 ,34.77734966 ,14.79880513 ,33.77646163 ,15.06047781 
34.73219556 ,14.97259624 ,34.19401214 ,13.58299566 ,35.40142091 ,14.73245271 ,35.09401214 ,14.78299566 ,35.08942529 ,14.76292753 ,34.08679303 ,15.02900866 
35.02303808 ,14.95686088 ,34.50544464 ,13.53012675 ,35.71420818 ,14.68830012 ,35.60544464 ,14.73012675 ,35.40277747 ,14.72391784 ,34.39923182 ,14.99440829 
35.34821515 ,14.92330004 ,34.82004884 ,13.47866087 ,36.03012673 ,14.64563857 ,35.92004884 ,14.67866087 ,35.71712014 ,14.68987020 ,34.71310867 ,14.96477241 
35.65632941 ,14.88514550 ,35.13542945 ,13.45120252 ,36.34615106 ,14.62699686 ,36.23542945 ,14.65120252 ,36.03209600 ,14.66563719 ,35.02780766 ,14.94495201 
35.97117095 ,14.85849089 ,35.45134434 ,13.43714319 ,36.66233534 ,14.62176387 ,36.55134434 ,14.63714319 ,36.34610539 ,14.65199598 ,35.34160313 ,14.93570440 
36.29170819 ,14.84832250 ,35.76200788 ,13.43741785 ,36.97287008 ,14.63071267 ,36.86200788 ,14.63741785 ,36.65440668 ,14.66767158 ,35.64941593 ,14.95568814 
36.58999504 ,14.84762367 ,36.05813695 ,13.52080975 ,37.26655526 ,14.72234046 ,37.15813695 ,14.72080975 ,37.04601678 ,14.62751839 ,35.94102965 ,15.02179368 
36.93511965 ,14.81763001 ,36.31699979 ,13.66806553 ,37.91699979 ,14.46806553 ,37.41699979 ,14.86806553 ,37.44948529 ,14.59912325 ,36.21809618 ,15.12682319 
37.22870121 ,14.78612389 ,36.58051792 ,13.83323753 ,38.18051792 ,14.63323753 ,37.68051792 ,15.03323753 ,37.78232219 ,14.65516289 ,36.49115156 ,15.24833364 
37.58190586 ,14.78393271 ,36.85326875 ,13.96077240 ,38.45326875 ,14.76077240 ,37.95326875 ,15.16077240 ,38.10667157 ,14.71877283 ,36.76645773 ,15.36749173 
37.86400092 ,14.76887236 ,37.14161003 ,14.06003277 ,38.74161003 ,14.86003277 ,38.24161003 ,15.26003277 ,38.41856013 ,14.78401727 ,37.04953110 ,15.46914043 
38.19136026 ,14.74036113 ,37.44363675 ,14.10210060 ,39.04363675 ,14.90210060 ,38.54363675 ,15.30210060 ,38.73128634 ,14.83077686 ,37.34204879 ,15.54531025 
38.50179611 ,14.74124954 ,37.75627693 ,14.11821672 ,39.35627693 ,14.91821672 ,38.85627693 ,15.31821672 ,39.04411892 ,14.86143821 ,37.64237661 ,15.59898393 
38.82349017 ,14.71896076 ,38.07035229 ,14.11274197 ,39.67035229 ,14.91274197 ,39.17035229 ,15.31274197 ,39.35610708 ,14.87410147 ,37.94633018 ,15.63127449 
39.08760471 ,14.71213798 ,38.37867076 ,14.09144885 ,39.97867076 ,14.89144885 ,39.47867076 ,15.29144885 ,39.67711220 ,14.86991488 ,38.26268479 ,15.64466208 
39.49056009 ,14.68870355 ,38.72955205 ,14.05267098 ,40.32955205 ,14.85267098 ,39.82955205 ,15.25267098 ,39.99891183 ,14.86669374 ,38.58139331 ,15.65759481 
39.77800621 ,14.68021931 ,39.03287600 ,14.07008763 ,40.63287600 ,14.87008763 ,40.13287600 ,15.27008763 ,40.32323152 ,14.88066738 ,38.90297137 ,15.68683822 
40.16969644 ,14.69351269 ,39.38402604 ,14.11597327 ,40.98402604 ,14.91597327 ,40.48402604 ,15.31597327 ,40.64497372 ,14.92170418 ,39.22150898 ,15.74240629 
40.41148785 ,14.71308760 ,39.67372550 ,14.22348234 ,41.27372550 ,15.02348234 ,40.77372550 ,15.42348234 ,40.95520968 ,14.97428435 ,39.52850199 ,15.80863042 
40.77973318 ,14.67168719 ,39.97890797 ,14.27128349 ,41.57890797 ,15.07128349 ,41.07890797 ,15.47128349 ,41.26765949 ,15.01888757 ,39.83831672 ,15.86672677 
41.02858689 ,14.67373529 ,40.29154660 ,14.30827826 ,41.89154660 ,15.10827826 ,41.39154660 ,15.50827826 ,41.57806461 ,15.05596858 ,40.14658121 ,15.91706042 
41.35425179 ,14.67324081 ,40.59784266 ,14.32242414 ,42.19784266 ,15.12242414 ,41.69784266 ,15.52242414 ,41.88689628 ,15.07441504 ,40.45416734 ,15.94860696 
41.62144521 ,14.69555338 ,40.90401837 ,14.30037985 ,42.50401837 ,15.10037985 ,42.00401837 ,15.50037985 ,42.19374458 ,15.08225008 ,40.76028895 ,15.96940222 
41.95556334 ,14.68213278 ,41.20599906 ,14.29823685 ,42.80599906 ,15.09823685 ,42.30599906 ,15.49823685 ,42.51261745 ,15.09217031 ,41.07838379 ,15.99274210 
42.29053410 ,14.66984635 ,41.56382989 ,14.31377929 ,43.16382989 ,15.11377929 ,42.66382989 ,15.51377929 ,42.84602823 ,15.11301436 ,41.41057616 ,16.02757790 
42.65569867 ,14.68692478 ,41.91392098 ,14.36385776 ,43.51392098 ,15.16385776 ,43.01392098 ,15.56385776 ,43.16820327 ,15.15718448 ,41.73058494 ,16.08523146 
42.96898484 ,14.69060880 ,42.20024640 ,14.45969549 ,43.80024640 ,15.25969549 ,43.30024640 ,15.65969549 ,43.47965591 ,15.24567590 ,42.03803698 ,16.18670732 
43.31973280 ,14.70353196 ,42.50414574 ,14.65280926 ,44.10414574 ,15.45280926 ,43.60414574 ,15.85280926 ,43.78586694 ,15.37329604 ,42.33862129 ,16.32705097 
43.65753076 ,14.72103327 ,42.79146282 ,14.83751451 ,44.39146282 ,15.63751451 ,43.89146282 ,16.03751451 ,44.07415830 ,15.52082344 ,42.62047304 ,16.48652948 
43.97758196 ,14.79289170 ,43.03964755 ,15.02680734 ,44.63964755 ,15.82680734 ,44.13964755 ,16.22680734 ,44.32858880 ,15.69908166 ,42.86720996 ,16.67529097 
44.29979868 ,14.89637624 ,43.21468240 ,15.27539982 ,44.81468240 ,16.07539982 ,44.31468240 ,16.47539982 ,44.53744615 ,15.91854732 ,43.06669018 ,16.90331349 
44.55457965 ,15.06950944 ,43.33235508 ,15.57888436 ,44.93235508 ,16.37888436 ,44.43235508 ,16.77888436 ,44.70579059 ,16.17218235 ,43.22426348 ,17.16377770 
44.79211076 ,15.33598147 ,43.42477234 ,15.89221606 ,45.02477234 ,16.69221606 ,44.52477234 ,17.09221606 ,44.84946005 ,16.44813651 ,43.35624966 ,17.44550742 
44.94548110 ,15.62311623 ,43.52983112 ,16.20960030 ,45.12983112 ,17.00960030 ,44.62983112 ,17.40960030 ,44.98173529 ,16.73629280 ,43.47634117 ,17.73895094 
45.07893188 ,15.90242298 ,43.64185938 ,16.51525206 ,45.24185938 ,17.31525206 ,44.74185938 ,17.71525206 ,45.08745467 ,17.03962427 ,43.56926500 ,18.04644396 
45.15903786 ,16.26896908 ,43.67676398 ,16.85881571 ,45.27676398 ,17.65881571 ,44.77676398 ,18.05881571 ,45.10446734 ,17.33445162 ,43.57391626 ,18.34172547 
45.18766888 ,16.68734237 ,43.47191542 ,17.10307370 ,45.07191542 ,17.90307370 ,44.57191542 ,18.30307370 ,45.00786604 ,17.53233389 ,43.46911299 ,18.53538915 
45.02102250 ,17.18347024 ,43.16762672 ,17.05218599 ,44.76762672 ,17.85218599 ,44.90150461 ,17.64780962 ,44.88691167 ,17.57220019 ,43.34659514 ,18.57015558 
44.75235330 ,16.87554198 ,43.06768659 ,16.76982925 ,44.66768659 ,17.56982925 ,44.79763190 ,17.36687579 ,44.81388667 ,17.48303928 ,43.27736776 ,18.47801500 
44.88099053 ,16.70882603 ,43.09308240 ,16.45779377 ,44.69308240 ,17.25779377 ,44.81866854 ,17.05451614 ,44.79381951 ,17.31746849 ,43.26425152 ,18.31174919 
44.96696331 ,16.47328975 ,43.18139731 ,16.15684073 ,44.78139731 ,16.95684073 ,44.90277288 ,16.75235937 ,44.80980581 ,17.09629057 ,43.47943062 ,17.76769663 
44.98517144 ,16.15731268 ,43.25011976 ,15.82781376 ,44.85011976 ,16.62781376 ,44.96689470 ,16.42240496 ,44.81627232 ,16.83822828 ,43.73246649 ,17.10560974 
44.98299848 ,15.81125154 ,43.21134421 ,15.51134031 ,44.81134421 ,16.31134031 ,44.92370427 ,16.10650375 ,44.77303251 ,16.56647341 ,43.80386002 ,16.65114028 
44.99538869 ,15.40146915 ,43.05470771 ,15.22003447 ,44.65470771 ,16.02003447 ,44.76301578 ,15.81741329 ,44.65310874 ,16.32257570 ,43.77659511 ,16.25826326 
45.03405108 ,15.10806024 ,42.76842241 ,15.06556663 ,44.36842241 ,15.86556663 ,44.47460168 ,15.66695768 ,44.46693858 ,16.13110368 ,43.64359002 ,15.98083689 
44.80827928 ,14.93981536 ,42.47319067 ,14.96979900 ,44.07319067 ,15.76979900 ,44.17806159 ,15.57532145 ,44.23605242 ,15.97636929 ,43.45015478 ,15.76414642 
44.42500597 ,14.82399517 ,42.15097169 ,14.88199878 ,43.75097169 ,15.68199878 ,43.85464813 ,15.49202868 ,43.98048418 ,15.84459135 ,43.21822087 ,15.59223211 
44.13068294 ,14.79376902 ,41.86797401 ,14.78889363 ,43.46797401 ,15.58889363 ,43.57037809 ,15.40288387 ,43.71260491 ,15.73718490 ,42.96639428 ,15.45624724 
43.82591669 ,14.79115537 ,41.56590904 ,14.73888532 ,43.16590904 ,15.53888532 ,43.26764434 ,15.35709791 ,43.43002463 ,15.66881839 ,42.69394851 ,15.36752657 
43.50574632 ,14.77358927 ,41.26110037 ,14.75461200 ,42.86110037 ,15.55461200 ,42.96308495 ,15.37707886 ,43.12905571 ,15.62846424 ,42.39948705 ,15.31151745 
43.14659063 ,14.77041445 ,40.91249293 ,14.75324167 ,42.51249293 ,15.55324167 ,42.61449237 ,15.38057597 ,42.82073495 ,15.59245860 ,42.09554724 ,15.26310972 
42.79559912 ,14.79629044 ,40.61136655 ,14.71931011 ,42.21136655 ,15.51931011 ,42.31292158 ,15.35085211 ,42.50439304 ,15.55640576 ,41.78231864 ,15.21661137 
42.41325988 ,14.82805081 ,40.25641494 ,14.68539008 ,41.85641494 ,15.48539008 ,41.95753097 ,15.32189128 ,42.18479419 ,15.51334090 ,41.46515382 ,15.26441741 
42.06743888 ,14.83603235 ,39.95763385 ,14.61910917 ,41.55763385 ,15.41910917 ,41.65785358 ,15.25978846 ,41.87868170 ,15.45261358 ,41.16131797 ,15.32072422 
41.78704035 ,14.86759248 ,39.66790570 ,14.52159850 ,41.26790570 ,15.32159850 ,41.36679221 ,15.16633254 ,41.57689270 ,15.37080987 ,40.96190827 ,15.28786481 
41.42413726 ,14.87875175 ,39.37618920 ,14.39568651 ,40.97618920 ,15.19568651 ,41.07334614 ,15.04450582 ,41.27598295 ,15.28791148 ,40.78818503 ,15.24335234 
41.15307137 ,14.94115948 ,39.07216819 ,14.33253594 ,40.67216819 ,15.13253594 ,40.76847305 ,14.98560620 ,40.96071216 ,15.24084590 ,40.53046514 ,15.21467357 
40.75963445 ,14.97782153 ,38.71780480 ,14.37212631 ,40.31780480 ,15.17212631 ,40.41469696 ,15.03014040 ,40.63358267 ,15.24397450 ,40.24881200 ,15.22836273 
40.37735463 ,14.99533558 ,38.37983076 ,14.47501432 ,39.97983076 ,15.27501432 ,40.07819241 ,15.13773723 ,40.30853078 ,15.29089502 ,39.94834034 ,15.27906338 
40.00791419 ,15.05288938 ,38.05999755 ,14.60374535 ,39.65999755 ,15.40374535 ,39.76018774 ,15.27092129 ,39.99532698 ,15.36340987 ,39.65142701 ,15.35200556 
39.69552454 ,15.08641312 ,37.77919692 ,14.71502461 ,39.37919692 ,15.51502461 ,39.48096818 ,15.38611028 ,39.69280048 ,15.44190948 ,39.35813088 ,15.42855238 
39.38522223 ,15.12722806 ,37.48814724 ,14.79830841 ,39.08814724 ,15.59830841 ,39.19110969 ,15.47344966 ,39.38977155 ,15.51579433 ,39.06075818 ,15.49892550 
39.06953383 ,15.13239110 ,37.18281150 ,14.85954955 ,38.78281150 ,15.65954955 ,38.88665878 ,15.53894798 ,39.08238439 ,15.57661326 ,38.75665102 ,15.55510634 
38.77226729 ,15.15492390 ,36.86415403 ,14.88919970 ,38.46415403 ,15.68919970 ,38.56844635 ,15.57304439 ,38.77211820 ,15.61779152 ,38.44849634 ,15.59094367 
38.41511852 ,15.18188135 ,36.55216281 ,14.88955879 ,38.15216281 ,15.68955879 ,38.25649056 ,15.57775953 ,38.46065686 ,15.63078866 ,38.13867915 ,15.59815984 
38.14826464 ,15.21781968 ,36.23596204 ,14.83919108 ,37.83596204 ,15.63919108 ,37.93961737 ,15.53181158 ,38.14724442 ,15.61527596 ,37.82684879 ,15.57656454 
37.80125926 ,15.22622022 ,35.92024059 ,14.77333258 ,37.52024059 ,15.57333258 ,37.62300716 ,15.47036766 ,37.83495377 ,15.57403990 ,37.51624934 ,15.52910296 
37.49554016 ,15.21764897 ,35.61167321 ,14.67676240 ,37.21167321 ,15.47676240 ,37.31312153 ,15.37811517 ,37.52272492 ,15.51602569 ,37.20579082 ,15.46475844 
37.16551966 ,15.25515505 ,35.29702826 ,14.59802451 ,36.89702826 ,15.39802451 ,36.99740790 ,15.30377808 ,37.20977809 ,15.45826052 ,36.89443387 ,15.40057741 
36.85667784 ,15.28450299 ,34.98440541 ,14.54495197 ,36.58440541 ,15.34495197 ,36.68407451 ,15.25507561 ,36.89560002 ,15.41444574 ,36.58144190 ,15.35027287 
36.50644560 ,15.29082171 ,34.66549168 ,14.53854477 ,36.26549168 ,15.33854477 ,36.36510241 ,15.25312176 ,36.58173463 ,15.38781810 ,36.26833077 ,15.41712938 
36.21948457 ,15.31165279 ,34.35606875 ,14.54002136 ,35.95606875 ,15.34002136 ,36.05573026 ,15.25891843 ,36.26095671 ,15.38245580 ,35.94781735 ,15.53008331 
35.83581444 ,15.40535969 ,34.01042345 ,14.58753800 ,35.61042345 ,15.38753800 ,35.71078208 ,15.31125640 ,35.93773538 ,15.42159145 ,35.62389971 ,15.61871242 
35.49754380 ,15.54692520 ,33.69782674 ,14.72855389 ,35.29782674 ,15.52855389 ,35.40018473 ,15.45662307 ,35.63132824 ,15.51546060 ,35.31562749 ,15.75147008 
35.13009789 ,15.67263872 ,33.42879414 ,14.92924128 ,35.02879414 ,15.72924128 ,35.13398039 ,15.66104719 ,35.34816783 ,15.66395899 ,35.02944076 ,15.91940511 
34.85981060 ,15.92389904 ,33.19481356 ,15.18954262 ,34.79481356 ,15.98954262 ,34.90365699 ,15.92459003 ,35.10425098 ,15.85392210 ,34.78161288 ,16.12189966 
34.63127670 ,16.13473489 ,33.04269429 ,15.44672617 ,34.64269429 ,16.24672617 ,34.75514340 ,16.18387243 ,34.89732239 ,16.07044582 ,34.57020395 ,16.34481246 
34.44993424 ,16.39229094 ,32.89417645 ,15.71717602 ,34.49417645 ,16.51717602 ,34.61041611 ,16.45636955 ,34.71004960 ,16.30590563 ,34.37804679 ,16.58341155 
34.24942968 ,16.63574854 ,32.74444859 ,15.98207858 ,34.34444859 ,16.78207858 ,34.46440146 ,16.72333681 ,34.53067519 ,16.54797348 ,34.19364583 ,16.82614053 
34.11175539 ,16.91225634 ,32.57088015 ,16.23346388 ,34.17088015 ,17.03346388 ,34.29435982 ,16.97712100 ,34.33054446 ,16.78740785 ,33.98854698 ,17.06422707 
33.94170530 ,17.22773183 ,32.31057289 ,16.46228840 ,33.91057289 ,17.26228840 ,34.03727282 ,17.20955768 ,34.10370516 ,17.00915495 ,33.75711499 ,17.28301664 
33.76385415 ,17.53136435 ,32.04302812 ,16.63895007 ,33.64302812 ,17.43895007 ,33.77222071 ,17.38993763 ,33.85924725 ,17.20119894 ,33.50868978 ,17.47108336 
33.48694263 ,17.73636192 ,31.75971125 ,16.76928288 ,33.35971125 ,17.56928288 ,33.49075119 ,17.52421346 ,33.58942648 ,17.35230019 ,33.23576437 ,17.61725729 
33.17465219 ,17.86709743 ,31.43504226 ,16.82956401 ,33.03504226 ,17.62956401 ,33.16695551 ,17.58902180 ,33.30508230 ,17.44897191 ,32.94945840 ,17.70843817 
32.94554139 ,17.83593120 ,31.13661322 ,16.81282448 ,32.73661322 ,17.61282448 ,32.86832183 ,17.57645063 ,33.01551463 ,17.48906985 ,32.65911474 ,17.74277351 
32.65442202 ,17.77354642 ,30.83093653 ,16.74218282 ,32.43093653 ,17.54218282 ,32.56168863 ,17.51008377 ,32.71843884 ,17.48026299 ,32.36228870 ,17.72794602 
32.38618534 ,17.72048139 ,30.52222190 ,16.64082740 ,32.12222190 ,17.44082740 ,32.25158895 ,17.41304855 ,32.41769038 ,17.43682719 ,32.06251595 ,17.67834868 
32.10011910 ,17.64058176 ,30.21458614 ,16.53714853 ,31.81458614 ,17.33714853 ,31.94253559 ,17.31367506 ,32.11440835 ,17.37441869 ,31.76060749 ,17.60968397 
31.80618997 ,17.55300108 ,29.90691805 ,16.44343604 ,31.50691805 ,17.24343604 ,31.63358906 ,17.22426741 ,31.81053956 ,17.30029966 ,31.45835761 ,17.52926967 
31.50051509 ,17.44384281 ,29.60314146 ,16.34651673 ,31.20314146 ,17.14651673 ,31.32848888 ,17.13159894 ,31.50679671 ,17.21790963 ,31.15640685 ,17.44057004 
31.20966127 ,17.36524437 ,29.29909747 ,16.25040342 ,30.89909747 ,17.05040342 ,31.02313257 ,17.03974011 ,31.20407102 ,17.13031969 ,30.85558191 ,17.34668092 
30.87219883 ,17.29880675 ,28.99985034 ,16.15266605 ,30.59985034 ,16.95266605 ,30.72254999 ,16.94619042 ,30.90217971 ,17.04584838 ,30.55552586 ,17.25591952 
30.57870260 ,17.25068251 ,28.69800077 ,16.08249814 ,30.29800077 ,16.88249814 ,30.41975014 ,16.88024382 ,30.59969527 ,16.97016605 ,30.25469273 ,17.17392782 
30.25162604 ,17.16611879 ,28.39452957 ,16.02199800 ,29.99452957 ,16.82199800 ,30.11546381 ,16.82398670 ,30.29604039 ,16.90442325 ,29.95248127 ,17.10184580 
29.95980827 ,17.12087745 ,28.08775700 ,15.97968058 ,29.68775700 ,16.77968058 ,29.80813030 ,16.78595661 ,29.93447380 ,16.94520512 ,29.56047829 ,17.18243109 
29.62253572 ,17.07787525 ,27.77967090 ,15.94023960 ,29.15440255 ,17.12655059 ,29.49952355 ,16.75082104 ,29.55811701 ,17.01378766 ,29.14578684 ,17.30181178 
29.33051034 ,17.04735565 ,27.47218526 ,15.89694966 ,28.84755131 ,17.07897170 ,29.19146346 ,16.71182849 ,29.21841314 ,17.02084094 ,28.78951719 ,17.32718928 
28.99852596 ,17.00992435 ,27.15770625 ,15.86776522 ,28.53351042 ,17.04539929 ,28.87660762 ,16.68703770 ,28.88130613 ,17.02463826 ,28.43916865 ,17.34385890 
28.67958144 ,16.95739290 ,26.83903558 ,15.84533824 ,28.21518395 ,17.01852516 ,28.55765489 ,16.66906225 ,28.55226048 ,17.01971646 ,28.10294666 ,17.34227613 
28.36190336 ,16.94857349 ,26.51797048 ,15.84615742 ,27.89413870 ,17.01486149 ,28.23663252 ,16.67436412 ,28.22888298 ,17.02698517 ,27.77431504 ,17.34921552 
28.02027292 ,16.93314740 ,26.21216106 ,15.88429387 ,27.58782663 ,17.04872445 ,27.93138538 ,16.71676661 ,27.91570931 ,17.05750420 ,27.45725650 ,17.37628517 
27.70994579 ,16.96032573 ,25.91942910 ,15.97425609 ,27.29386714 ,17.13459073 ,27.63993803 ,16.81080724 ,27.60973339 ,17.11508063 ,27.14770923 ,17.42879819 
27.38986806 ,16.94233399 ,25.62755379 ,16.08499379 ,27.00047413 ,17.24124241 ,27.34963730 ,16.92560936 ,27.30913572 ,17.19060260 ,26.84381060 ,17.49809985 
27.06309562 ,17.02055908 ,25.33923268 ,16.19637099 ,26.71062606 ,17.34858317 ,27.06289937 ,17.04100130 ,27.01228549 ,17.28090967 ,26.54370647 ,17.58150933 
26.76455649 ,17.12757613 ,25.04996826 ,16.32121101 ,26.41964680 ,17.46937226 ,26.77540618 ,17.16986791 ,26.71530732 ,17.40069670 ,26.24296004 ,17.69386466 
26.41217174 ,17.29537463 ,24.75320005 ,16.51790372 ,26.12016126 ,17.66190226 ,26.25320005 ,17.71790372 ,26.41948431 ,17.54526614 ,25.94286887 ,17.83070120 
26.13155920 ,17.47261972 ,24.46570274 ,16.69758898 ,25.83018317 ,17.83755592 ,25.96570274 ,17.89758898 ,26.11986029 ,17.68192008 ,25.73932450 ,17.95930848 
25.83799456 ,17.67823726 ,24.15150517 ,16.80859235 ,25.51446638 ,17.94416158 ,25.65150517 ,18.00859235 ,25.80567052 ,17.78493997 ,25.54723863 ,18.05375450 
25.54800760 ,17.81854814 ,23.80628217 ,16.83766574 ,25.16887110 ,17.96841208 ,25.30628217 ,18.03766574 ,25.48166593 ,17.85359062 ,25.27760260 ,18.11348454 
25.18141723 ,17.88394199 ,23.46985476 ,16.85304278 ,24.83226179 ,17.97909036 ,24.96985476 ,18.05304278 ,25.15615232 ,17.88364801 ,24.99663090 ,18.13453931 
24.85020930 ,17.87592868 ,23.14176859 ,16.79549870 ,24.50501104 ,17.91697109 ,24.64176859 ,17.99549870 ,24.83426344 ,17.85119769 ,24.60112691 ,18.09317670 
24.53492770 ,17.80197203 ,22.82868914 ,16.63346414 ,24.19422446 ,17.75058105 ,24.32868914 ,17.83346414 ,24.53311546 ,17.76247620 ,24.19522550 ,17.99612142 
24.26104670 ,17.70183323 ,22.57971192 ,16.45081958 ,23.94782163 ,17.56447803 ,24.07971192 ,17.65081958 ,24.13669482 ,17.78628909 ,23.78367131 ,17.97187119 
23.99299015 ,17.53476744 ,22.33148371 ,16.24610956 ,23.23157874 ,17.96700444 ,23.73148371 ,17.44610956 ,23.72036791 ,17.81972699 ,23.36658930 ,17.94785456 
23.72909713 ,17.40554529 ,22.07167115 ,16.05295375 ,22.98008261 ,17.76313824 ,23.47167115 ,17.25295375 ,23.32999185 ,17.81191154 ,23.03337220 ,17.83768961 
23.44609868 ,17.24795055 ,21.80360793 ,15.88615190 ,22.48282206 ,17.87849185 ,23.20360793 ,17.08615190 ,22.93216277 ,17.81639906 ,22.70991053 ,17.72706081 
23.16330748 ,17.13813515 ,21.50983571 ,15.77935820 ,22.19546928 ,17.75546587 ,22.90983571 ,16.97935820 ,22.59007806 ,17.75814494 ,22.40111182 ,17.61342912 
22.85378480 ,16.99617974 ,21.21155721 ,15.68920544 ,21.90268833 ,17.64880331 ,22.16521882 ,17.47534989 ,22.25838581 ,17.68859608 ,22.09672820 ,17.50023391 
22.56653638 ,16.89349264 ,20.91136760 ,15.58803843 ,21.60861409 ,17.53103702 ,21.86797100 ,17.36584054 ,21.94460689 ,17.59715465 ,21.79851680 ,17.38302333 
22.24660305 ,16.77020152 ,20.61784149 ,15.48406494 ,21.32134961 ,17.41084057 ,21.57746244 ,17.25371186 ,21.63900741 ,17.49731462 ,21.50405590 ,17.26482395 
21.98250557 ,16.66952509 ,20.32203426 ,15.38224516 ,21.03168734 ,17.29266715 ,21.28461352 ,17.14367236 ,21.34101464 ,17.39042344 ,21.12568338 ,17.24465200 
21.63347223 ,16.53690402 ,20.03295192 ,15.28011312 ,20.74875691 ,17.17455734 ,20.77551489 ,17.30560282 ,21.04653536 ,17.27678696 ,20.72756332 ,17.24434026 
21.34467075 ,16.44575757 ,19.73477152 ,15.16687653 ,20.45736249 ,17.04485244 ,20.48233791 ,17.17997906 ,20.75323751 ,17.15566866 ,20.39015939 ,17.16920503 
21.02179515 ,16.34398878 ,19.43840419 ,15.04899577 ,20.16803754 ,16.91061181 ,20.19116687 ,17.04979112 ,20.46081170 ,17.03288360 ,20.06264326 ,17.08220982 
20.74548567 ,16.25606976 ,19.13944097 ,14.94337481 ,19.87543639 ,16.78846696 ,19.89688884 ,16.93174353 ,20.17225456 ,16.91303200 ,19.75598634 ,16.97885600 
20.39944557 ,16.12899949 ,18.85763958 ,14.84559472 ,19.59953263 ,16.67510876 ,19.61942924 ,16.82224860 ,19.88976915 ,16.78981585 ,19.46200361 ,16.86490421 
20.12028729 ,16.03965275 ,18.57737013 ,14.72418077 ,19.32647770 ,16.53823906 ,19.34448993 ,16.68920468 ,19.61110775 ,16.66048556 ,19.17791031 ,16.73824661 
19.79638701 ,15.95577986 ,18.29957489 ,14.60211368 ,19.05592957 ,16.40085535 ,19.07205000 ,16.55561180 ,19.32236272 ,16.52290019 ,18.88706960 ,16.59952933 
19.44079909 ,15.84019215 ,17.96783941 ,14.45999872 ,18.73264442 ,16.24044401 ,18.74655667 ,16.39972986 ,19.03382491 ,16.38230139 ,18.59876966 ,16.45524880 
19.13727361 ,15.73417082 ,17.69725084 ,14.33984782 ,18.46918477 ,16.10537579 ,18.48123684 ,16.26835328 ,18.75702097 ,16.23999788 ,18.32358442 ,16.30807110 
18.84044726 ,15.63885297 ,17.42248705 ,14.19900432 ,18.20271150 ,15.94941417 ,18.21261198 ,16.11612741 ,18.48232635 ,16.08914334 ,18.05164327 ,16.15138522 
18.51345942 ,15.57116896 ,17.14675417 ,14.04960897 ,17.93574802 ,15.78485994 ,17.94337700 ,15.95531661 ,18.20875048 ,15.93490641 ,17.78147354 ,15.99071446 
18.24095033 ,15.48299412 ,16.86245408 ,13.90601967 ,17.65990659 ,15.62562447 ,17.66533917 ,15.79994801 ,17.93652968 ,15.78047880 ,17.51302754 ,15.82947733 
17.93679987 ,15.35423855 ,16.58953353 ,13.76765526 ,17.39513530 ,15.47224097 ,17.39845213 ,15.65027625 ,17.66269750 ,15.61071257 ,17.24362971 ,15.65260041 
17.59833870 ,15.19051172 ,16.29310259 ,13.56687255 ,17.11037455 ,15.25522410 ,17.11068911 ,15.43725642 ,17.39758839 ,15.40660404 ,16.98405906 ,15.44146920 
17.25798535 ,15.02573807 ,16.04847451 ,13.30489617 ,16.88075183 ,14.98000070 ,16.87724605 ,15.16526588 ,17.15440483 ,15.17017757 ,16.74740259 ,15.19853707 
16.95513299 ,14.81429439 ,15.82806554 ,13.02014800 ,16.67658160 ,14.68339296 ,16.66895443 ,14.87153771 ,16.93400432 ,14.91298433 ,16.53416101 ,14.93541323 
16.70776132 ,14.56060673 ,15.64291092 ,12.73841411 ,16.50744248 ,14.39176275 ,16.49576001 ,14.58229748 ,16.74761805 ,14.63779248 ,16.35546186 ,14.65520329 
16.48876132 ,14.29318540 ,15.51265224 ,12.42968649 ,16.39462055 ,14.07624528 ,16.37854376 ,14.26838600 ,16.60709922 ,14.33821384 ,16.22331814 ,14.35186841 
16.33606543 ,13.98568134 ,15.45069135 ,12.08219143 ,16.35215397 ,13.72583329 ,16.33118880 ,13.91860110 ,16.50779819 ,14.01849757 ,16.13295439 ,14.02953647 
16.24194194 ,13.62264557 ,15.40315919 ,11.73061392 ,16.32432151 ,13.37215065 ,16.29842088 ,13.56534153 ,16.43189162 ,13.69947399 ,16.06596687 ,13.70853854 
16.20179593 ,13.33721208 ,15.35032090 ,11.42997793 ,16.28834756 ,13.06903391 ,16.25821826 ,13.26275662 ,16.40934579 ,13.59566849 ,16.04632351 ,13.60414938 
16.14520319 ,13.02689540 ,15.28427764 ,11.12961421 ,16.23917404 ,12.76545189 ,16.20481087 ,12.95989076 ,16.42061871 ,13.64757124 ,16.05614519 ,13.65634396